dataset,method,comparison,n_rows,mean_abs_diff_mean,mean_abs_diff_std,max_abs_diff_mean,max_abs_diff_std,mse_mean,mse_std,binary_flip_ratio_mean,binary_flip_ratio_std,soft_inactive_ratio_mean,soft_inactive_ratio_std,hard_inactive_ratio_mean,hard_inactive_ratio_std
majority9,block_hard_refit,full_soft_vs_discrete,12,0.4472806627551715,0.035091915558356154,0.596750463048617,0.06239470457273381,0.20527462164560953,0.028909172955040356,0.21811930338541666,0.13704460581677652,0.0,0.0,0.310546875,0.10686678638361044
majority9,block_hard_refit,path_soft_vs_discrete,12,0.0996713861823082,0.18034559247986862,0.12486475457747777,0.22588892064487068,0.04111339896917343,0.07442080729088364,0.0,0.0,0.24544270833333334,0.0989591120882436,0.310546875,0.10686678638361044
majority9,block_hard_task_refit,full_soft_vs_discrete,12,0.4604417458176613,0.024795403833068084,0.7038628260294596,0.07479643321337275,0.2183729906876882,0.018561985876985695,0.2828928629557292,0.0850775802245737,0.0,0.0,0.396484375,0.1667669745794092
majority9,block_hard_task_refit,path_soft_vs_discrete,12,0.10449269662300746,0.18903500292092604,0.20744167268276215,0.37544274707845193,0.04626156513889631,0.08369202114742956,0.0298614501953125,0.054318509210953506,0.3053385416666667,0.11911102852084504,0.396484375,0.1667669745794092
majority9,block_relaxed,full_soft_vs_discrete,12,0.4547428786754608,0.031073467451074747,0.653317853808403,0.025086481557781613,0.21270507449905077,0.024873809468610914,0.2823944091796875,0.0789586846869444,0.0,0.0,0.3216145833333333,0.10448873033965157
majority9,dlgn,full_soft_vs_discrete,12,0.42968829969565075,0.06085379133669639,0.6576424638430277,0.0223497120626251,0.1954561211168766,0.0436804618642452,0.2527262369791667,0.10327279719749322,0.0,0.0,0.24088541666666666,0.09824867652262279
majority9,dlgn_anneal,full_soft_vs_discrete,12,0.18932783976197243,0.08574674958644635,0.7072043269872665,0.0927438226895024,0.0693945144303143,0.037506035150666986,0.06975809733072917,0.048291678613594714,0.0,0.0,0.20377604166666666,0.09009557921287066
majority9,gumbel_st,full_soft_vs_discrete,12,0.4605523000160853,0.023658921989767677,0.6516473442316055,0.024645481349597813,0.21717621137698492,0.01919078279273964,0.2917531331380208,0.0682911096453896,0.0,0.0,0.3177083333333333,0.1112029341622238
majority9,hard_st_cage,full_soft_vs_discrete,12,0.4878222967187564,0.006818591650801162,0.573120246330897,0.022998780049196893,0.23913207277655602,0.005639741565614162,0.3614501953125,0.02334327251776529,0.0026041666666666665,0.00693457316092652,0.3802083333333333,0.14734320521525945
parity8,block_hard_refit,full_soft_vs_discrete,12,0.4465325077374776,0.03188625307114744,0.6065515528122584,0.06675140141074513,0.20460632195075354,0.026575845183796496,0.20097859700520834,0.1252820718414882,0.0,0.0,0.3665364583333333,0.14628972231134327
parity8,block_hard_refit,path_soft_vs_discrete,12,0.09825074921051662,0.17778231570185657,0.12496255586544673,0.22606577360382304,0.04003315791487694,0.07248947518618021,0.0,0.0,0.2838541666666667,0.1148842467508716,0.3665364583333333,0.14628972231134327
parity8,block_hard_task_refit,full_soft_vs_discrete,12,0.4595229923725128,0.020684619907596808,0.7307208230098089,0.07167200523403203,0.21761381750305495,0.015518417391514926,0.27191162109375,0.07209967790076438,0.0,0.0,0.4427083333333333,0.19322272154978581
parity8,block_hard_task_refit,path_soft_vs_discrete,12,0.1017316182454427,0.1840659940722334,0.1956590712070465,0.35400691366924397,0.04374439145127932,0.0791708920875442,0.020843505859375,0.0381098007811942,0.349609375,0.1405115151303727,0.4427083333333333,0.19322272154978581
parity8,block_relaxed,full_soft_vs_discrete,12,0.4542411267757416,0.028234488421606273,0.6549283017714819,0.020735355289940527,0.2123455877105395,0.022924087593238593,0.281005859375,0.07145147954832355,0.0,0.0,0.3216145833333333,0.10103300201055669
parity8,dlgn,full_soft_vs_discrete,12,0.4487163995703061,0.036707600418649615,0.6534041315317154,0.01895699447620283,0.20850526789824167,0.02852867803619888,0.27288818359375,0.08493672248055247,0.0,0.0,0.3125,0.10732659772649766
parity8,dlgn_anneal,full_soft_vs_discrete,12,0.26471492027242977,0.06906489992962951,0.7801936566829681,0.08092149320898807,0.10528550483286381,0.03602530503507774,0.12067667643229167,0.06559150506381814,0.0,0.0,0.287109375,0.09905251822739036
parity8,gumbel_st,full_soft_vs_discrete,12,0.4572134812672933,0.025829061727987337,0.6484104792277018,0.02414780702299748,0.21453465272982916,0.0213097080211078,0.2837727864583333,0.07468438593874314,0.0,0.0,0.3307291666666667,0.1049391339189128
parity8,hard_st_cage,full_soft_vs_discrete,12,0.4919928436477979,0.0015743009042168527,0.5690569678942362,0.018264785677328862,0.24279732629656792,0.0013050025943138466,0.3797505696614583,0.023252593455937488,0.00390625,0.0078125,0.4036458333333333,0.16256190545776894
random_sparse10,block_hard_refit,full_soft_vs_discrete,12,0.44953641543785733,0.03148666135537678,0.60354216893514,0.0658987211395864,0.20693251738945642,0.026471174079611158,0.2131017049153646,0.1319721112424428,0.0,0.0,0.31640625,0.12164806231642536
random_sparse10,block_hard_refit,path_soft_vs_discrete,12,0.09953980892896652,0.18009808826718032,0.12493369976679485,0.2260135940450881,0.04106817891200384,0.07431960138498823,0.0,0.0,0.244140625,0.10519218790193781,0.31640625,0.12164806231642536
random_sparse10,block_hard_task_refit,full_soft_vs_discrete,12,0.4610803301135699,0.023236903263768878,0.7072423845529556,0.06576196350900408,0.21846008549133936,0.0182600147337603,0.2844594319661458,0.09288776219436488,0.0,0.0,0.4459635416666667,0.19036221913302048
random_sparse10,block_hard_task_refit,path_soft_vs_discrete,12,0.10401469220717748,0.18818031822104767,0.2012705703576406,0.3643887121585576,0.04558256144324938,0.08247333554890189,0.026364644368489582,0.047995424420951276,0.3509114583333333,0.13504796196191296,0.4459635416666667,0.19036221913302048
random_sparse10,block_relaxed,full_soft_vs_discrete,12,0.456328089038531,0.027308136315070668,0.6457334458827972,0.019754761835950166,0.2137439971168836,0.022296156856694203,0.27635955810546875,0.0734895184434152,0.0,0.0,0.28515625,0.09766335201448159
random_sparse10,dlgn,full_soft_vs_discrete,12,0.42427026977141696,0.062281685621547525,0.6641560196876526,0.03366450492739751,0.19268579905231795,0.042559363191317555,0.23993428548177084,0.09421994253513158,0.0,0.0,0.21549479166666666,0.1011770621768991
random_sparse10,dlgn_anneal,full_soft_vs_discrete,12,0.18297865862647691,0.07702735279521487,0.7166880816221237,0.10097700137811393,0.06739700709780057,0.03358182142887647,0.06732432047526042,0.048494093690224914,0.0,0.0,0.18489583333333334,0.08605578980134534
random_sparse10,gumbel_st,full_soft_vs_discrete,12,0.4640011414885521,0.020073210848555435,0.646858016649882,0.024123365893585793,0.21989738444487253,0.017022844844720754,0.29661305745442706,0.06335328336439908,0.0,0.0,0.3424479166666667,0.10752459362351255
random_sparse10,hard_st_cage,full_soft_vs_discrete,12,0.4814217885335286,0.013075102819704696,0.5976350655158361,0.03275683404398608,0.23456673820813498,0.009758839466764627,0.3584849039713542,0.03524654485766728,0.0006510416666666666,0.0022552744890219755,0.3098958333333333,0.13263831045936597
